PID,Brand,Model No,Inhouse model no.,Shape,Alpha Size,Size,Plating Color,Paint Color,Lens Type,Lens Code,Lens tint color,Tips Shape,Tips color,Tip Code,TR Part Code,A Width (mm),B Height (mm),DBL (mm),Temple Length (mm)
93668,VC Sun,VC 5158/P,VC 5158/P,Aviator,140,M,Gold,,Sunglass,SB15,AQUA,Common tips(5158),Black opaque,,-,57,50,16,140
108541,VC Sun,VC 5158/P,VC 5158/P,Aviator,140,M,Black Chrome,Matt Black,Sunglass,S09,Charcoal grey,Common tips(5158),Black opaque,,-,57,50,16,140
123978,VC Sun,VC 5158/P,VC 5158/P,Aviator,140,M,Gold,,Sunglass,G-15,green solid,Common tips(5158),Black opaque,,-,57,49,16,140
135529,VC Sun,VC S12593/P,VC S12593/P,Geometric,143,W,Black Chrome,Matt Black,Sunglass,,Grey,original,Black opaque,,-,58,50,16,148
135531,VC Sun,VC S12593/P,VC S12593/P,Geometric,143,W,Silver with EPL,,Sunglass,,,original,Black opaque,,-,58,50,16,148
135532,VC Sun,VC S12593/P,VC S12593/P,Geometric,143,W,,,Sunglass,,,original,,,-,58,50,16,148
138420,VC Sun,VC S13118,VC S13118,Rectangle,144,W,Black Chrome,Matt Black,Sunglass,S-10,Dark smoke,original,Black opaque,,-,57,46.6,13.2,145
143886,LK BLu,LB E13529,LBE13529,Clubmaster,136,M,Silver with EPL,,PC,Non power reading,Transparent,Original,Black opaque,,Black,49,41,22,147
143887,LK BLU,LB E13529,LB E13529,Clubmaster,136,M,Dark gun metal with epl,,PC,Non power reading,Transparent,Original,Transparent,,Transparent,49,41,22,147
143888,LK BLu,LB E13529,LBE13529,Clubmaster,136,M,Gold,Rose gold,PC,Non power reading,Transparent,Original,Demi,,Demi,49,41,22,147
143890,LK BLu,LB E13529,LBE13529,Clubmaster,136,M,Light gun metal with EPL,,PC,Non power reading,Transparent,Original,Grey transparent,,Grey transparent,49,41,22,147
147939,VC Eye,VC E12395-XL,VCE12395,Rectangle,141,W,Gun Metal,Blue,Dummy,65x1.2x3C,Transparent,Original,Blue,,-,55.8,39.5,16,140
147940,VC Eye,VC E12395 XL,VCE12395,Rectangle,141,W,Light gold W/O EPL,Black,Dummy,65x1.2x3C,Transparent,Original,Black opaque,,-,55.8,39.5,16,140
149036,VC Sun,VC S13115,VCS13115,Rectangle,135,N,Black Chrome,Matt Black,Sunglass,G-15,green solid,Original,Black opaque,,-,52,42,14,145
149041,VC Sun,VC S13137,VCS13137,Round,135,M,Black Chrome,Matt Black,Sunglass,S-10,Dark smoke,Original,Black opaque,,-,49.6,45.6,20,145
149045,VC Sun,VC S13137,VCS13137,Round,135,M,Silver with EPL,,Sunglass,G-15,green solid,Original,Black opaque,,-,50,45,20,145
149273,VC Sun,VC S13110,VC S13110,Aviator,143,W,Black Chrome,Matt Black,Sunglass,S-10,Dark smoke,Original,Black opaque,,-,57,51.3,15.2,145
149276,VC Sun,VC S13112,VC S13112,Round,137,M,Black Chrome,Matt Black,Sunglass,S-10,Dark smoke,Original,Black opaque,,-,51,47.2,21,145
151374,VC Sun,VC S14506,VC S14506,Geometric,140,M,Silver with EPL,,Sunglass,S-10,Dark smoke,Original,Black opaque,,-,56,46.6,17.3,145
151377,VC Sun,VC S14506,VC S14506,Geometric,140,M,Silver with EPL,,Sunglass,G-15,green solid,Original,Maroon,,-,56,46.6,17,145
204531,VC Sun,VC 5158/P,VC 5158/P,Aviator,141,M,Black Chrome,Matt Black,Sunglass,,,Original,,,-,57,49.3,16,140
204822,VC Sun,VC S 5158,VC S 5158,Aviator,140,M,Gold,,Sunglass,Green,Green,Original,,,-,57,49.3,16,140
206750,VC Sun,VC S15399,VC S15399,Rectangle,139,M,Gold,,Sunglass,Blue,Blue,Original,Blue,,-,56,42.3,17,145
209586,VC Sun,VC S13121,VCS13121,Geometric,135,N,Silver with EPL,,Sunglass,G-15,green solid,Original,,,-,49,42,19,140
211305,VC Eye,VC E11891,VCE11891,Rectangle,138,W,Silver with EPL,,Dummy,65x1.2x3C,Transparent,Original,,,-,56,36.3,15.8,145
211306,VC Eye,VC E12422,VCE12422,Square,129,N,Silver with EPL,,Dummy,65x1.2x3C,Transparent,Original,,,-,53,43.7,13,145
218966,VC Eye,VC E12400,VCE12400,Cateye/ Women,134,M,Gold W/O EPL,Matt Black,Dummy,65x1.2x3C,Transparent,Original,,,-,52,38.6,16,140
218967,VC Eye,VC E12400,VCE12400,Cateye/ Women,130,N,Gold W/O EPL,Matt Black,Dummy,65x1.2x3C,Transparent,Original,,,-,50,37.6,15,140
218970,VC Eye,VC E13396,VCE13396,Rectangle,136,M,Silver W/O EPL,Black,Dummy,65x1.2x3C,Transparent,Original,,,-,54,33.1,15,140
218975,VC Eye,VC E13624,VC E13624,Square,136,M,Light Gun Metal,Shiny Black,Dummy,65x1.2x3C,Transparent,Original,,,-,53,40.3,16,145
218976,VC Eye,VC E13624,VCE13624,Rectangle,132,N,Dark gun metal with epl,Shiny Black,Dummy,65x1.2x3C,Transparent,Original,,,-,55,38.9,16,145
218989,VC Eye,VC E14319,VC E14319,Square,136,M,Black Chrome,Matt Black,Dummy,65x1.2x3C,Transparent,Original,,,-,53,42.9,17,145
218990,VC Eye,VC E14319,VCE14319,Square,132,N,Black Chrome,Matt Black,Dummy,65x1.2x3C,Transparent,Original,,,-,51,41.2,17,145
219181,VC Eye,VC E13393,VC E13393,Cateye/ Women,132,N,Silver with EPL,,Dummy,65x1.2x3C,Transparent,Original,,,-,52,35.4,17,135
219182,VC Eye,VC E13393,VC E13393,Cateye/ Women,136,M,Silver with EPL,,Dummy,65x1.2x3C,Transparent,Original,,,-,52,35.4,17,135
219183,VC Eye,VC E13393,VC E13393,Cateye/ Women,140,W,Silver,,Dummy,65x1.2x3C,Transparent,Original,,,-,56,37.9,17,140
219184,VC Eye,VC E13786,VC E13786,Geometric,132,N,Silver,Black,Dummy,65x1.2x3C,Transparent,Original,,,-,50,46.2,20,146
219185,VC Eye,VC E13786,VC E13786/M,Geometric,136,M,Dark gun metal with epl,,Dummy,65x1.2x3C,Transparent,Original,,,-,49,47,20,146
219186,VC Eye,VC E13786,VC E13786,Geometric,138,W,Light gun metal with EPL,,Dummy,65x1.2x3C,Transparent,Original,,,-,52,48.8,20,146
219187,VC Eye,VC E13624,VC E13624,Rectangle,140,W,Gun Metal,,Dummy,65x1.2x3C,Transparent,Original,,,-,55,41.4,17,145
219188,VC Eye,VC E13624,VC E13624,Rectangle,132,N,Gun Metal,,Dummy,65x1.2x3C,Transparent,Original,,,-,55,38.9,17,145
219189,VC Eye,VC E13624,VC E13624,Rectangle,136,N,,Light Gun Metal with EPL,Dummy,65x1.2x3C,Transparent,Original,,,-,55,38,17,145
219190,VC Eye,VC E13394,VC E13394,Round,128,N,Silver with EPL,,Dummy,65x1.2x3C,Transparent,Original,,,-,48,42.8,20,140
219191,VC Eye,VC E13394,VC E13394,Round,134,M,Silver,,Dummy,65x1.2x3C,Transparent,Original,,,-,48,44.2,12,140
219192,VC Eye,VC E13394,VC E13394,Round,139,W,Silver,,Dummy,65x1.2x3C,Transparent,Original,,,-,48,46.8,20,140
219193,VC Eye,VC E14319,VC E14319,Square,140,W,Black Chrome,Matt Black,Dummy,65x1.2x3C,Transparent,Original,,,-,55,45.5,17,145
219194,VC Eye,VC E14319,VC E14319,Square,134,N,Shiny Black,,Dummy,65x1.2x3C,Transparent,Original,,,-,48,41,16,145
219195,VC Eye,VC E14319,VC E14319,Square,136,M,Shiny Black,,Dummy,65x1.2x3C,Transparent,Original,,,-,55,42.9,17,145
219196,VC Eye,VC E11891,VC E11891,Rectangle,134,M,Dark gun metal with epl,,Dummy,65x1.2x3C,Transparent,Original,,,-,53,34,17,140
219197,VC Eye,VC E13396,VC E13396,Rectangle,132,N,Silver,,Dummy,65x1.2x3C,Transparent,Original,,,-,50,31.4,15,147
220655,LB E,LB E17370,VC 5158/P,Aviator,139,W,Gold,,PC,65x1.2x3C,Transparent,Common tips(5158),Black opaque,,-,57,49.3,16,140
220656,LB E,LB E17370,VC 5158/P,Aviator,137,M,Silver with EPL,,PC,Non power reading,Transparent,Common tips(5158),Black opaque,,-,57,49.3,16,140
220657,LB E,LB E17370,VC 5158/P,Aviator,139,W,Black Chrome,Matt Black,PC,Non power reading,Transparent,Common tips(5158),Black opaque,,-,57,49.3,16,140
220658,LB E,LB E17371,VC E13624,Rectangle,140,W,Dark gun metal with epl,,PC,Non power reading,Transparent,VC E 13624,Black opaque,,-,55,41,17,145
220659,LB E,LB E17371,VC E13624,Square,140,W,Shiny Black,,PC,Non power reading,Transparent,VC E 13624,Black opaque,,-,55,41,17,145
220770,LB E,LB E17372,VC E13786,Geometric,139,W,Gold,,PC,Non power reading,Transparent,VC E 13786,Black opaque,,-,52,48.8,19,146
220771,LB E,LB E17372,VC E13786,Geometric,139,W,Dark gun metal with epl,,PC,Non power reading,Transparent,VC E 13786,Black opaque,,-,52,48.8,20,146
220772,LB E,LB E17372,VC E13786,Geometric,139,W,Black Chrome,,PC,Non power reading,Transparent,VC E 13786,Black opaque,,-,52,48.8,19,146
220773,LB E,LB E17373,VC E14319,Aviator,140,W,Dark gun metal with epl,,PC,Non power reading,Transparent,VC E14319,Transparent grey,,-,55,44.5,17,145
220774,LB E,LB E17373,VC E14319,Aviator,139,W,Black Chrome,,PC,Non power reading,Transparent,VC E14319,Transparent grey,,-,55,44.5,17,145
220775,LB E,LB E17374,VCE14318,Square,140,W,Dark gun metal with epl,,PC,Non power reading,Transparent,VCE14318,Black opaque,,-,54,44.2,18,145
220776,LB E,LB E17374,VC E14318,Square,141,W,Black Chrome,,PC,Non power reading,Transparent,VC E14318,Black opaque,,-,54,44.2,19,145
220777,LB E,LB E17375,VCE14316,Geometric,136,M,Dark gun metal with epl,,PC,Non power reading,Transparent,VCE14316,Black opaque,,-,53,39.8,17,150
220778,LB E,LB E17375,VCE14316,Rectangle,136,M,Black Chrome,,PC,Non power reading,Transparent,VCE14316,Black opaque,,-,53,39.8,17,150
220779,LB E,LB E17376,VC E 12423,Round,139,W,Dark gun metal with epl,,PC,Non power reading,Transparent,VC E 12423,Black opaque,,-,52,45.6,19,140
220780,LB E,LB E17376,VC E 12423,Round,139,W,Black Chrome,Matt Black,PC,Non power reading,Transparent,VC E 12423,Black opaque,,-,52,45.6,19,140
222221,VC Sun,VC S17516,M-3025,Aviator,146,XW,,,Sunglass,,,Common tips(5158),Black opaque,,-,63,52,15,144
222753,VC Sun,VC S000151,VC 5158/P,Aviator,140,M,Dark gun metal with epl,,Sunglass,,,Original,,,-,57,47,16,140
222754,VC Sun,VC S000151,VC 5158/P,Aviator,140,M,Light Gun Metal,,Sunglass,,,Original,,,-,57,47,16,140
225331,VC Eye,VC E12423,VC E12423,Round,134,W,Gold,,Dummy,65x1.2x3C,Transparent,Original,,,-,50,45.6,17,140
225332,VC Eye,VC E12422,VC E12422,Square,138,W,Black Chrome,,Dummy,65x1.2x3C,Transparent,Original,,,-,56,47.3,13,145
225333,VC Eye,VC E13634,VC E13634,Geometric,132,M,Black Chrome,Matt Black,Dummy,65x1.2x3C,Transparent,Original,,,-,52,44.5,16,145
225334,VC Eye,VC E14035,VC E14035,Round,130,N,Dark Gun Metal W/O EPL,Black,Dummy,65x1.2x3C,Transparent,Original,,,-,50,44.2,20,145
225335,VC Eye,VC E14209,VC E14209,Square,132,N,Gun Metal,Blue,Dummy,65x1.2x3C,Transparent,Original,,,-,51,43.2,18,145
225336,VC Eye,VC E13788,VC E13788,Geometric,128,XN,Black Chrome,Matt Black,Dummy,65x1.2x3C,Transparent,Original,,,-,48,41.3,18,145
225337,VC Eye,VC E15069,VC E15069,Round,128,XN,Silver,,Dummy,65x1.2x3C,Transparent,Original,,,-,47,44,19,145
225338,VC Eye,VC E13785,VC E13785,Geometric,133,N,Gun Metal,,Dummy,65x1.2x3C,Transparent,Original,,,-,52,42.1,17,144
225339,VC Eye,VC E12400-W,VCE12400,Cateye/ Women,139,W,Light gold W/O EPL,Black,Dummy,65x1.2x3C,Transparent,Original,,,-,54,40.5,16,140
225340,VC Eye,VC E12400-M,VCE12400,Cateye/ Women,134,M,Light gold W/O EPL,Black,Dummy,65x1.2x3C,Transparent,Original,,,-,52,38.6,15,140
225341,VC Eye,VC E12400,VC E12400,Cateye/ Women,130,N,Gold W/O EPL,Matt Black,Dummy,65x1.2x3C,Transparent,Original,,,-,50,37.6,16,140
229311,VC Eye,VC E13788,VC E13788,Geometric,129,XN,Silver,Matt Silver,Dummy,65x1.2x3C,Transparent,Original,,,-,48,41.3,18,144
229312,LB E,LB E17869,VCE13788,Geometric,129,XN,Silver W/O EPL,Navy Blue,PC,Non power reading,Transparent,VCE13788,Black opaque,,-,49,41.3,18,144
229313,LB E,LB E17870,VCS13112,Round,136,M,Dark gun metal with epl,,PC,Non power reading,Transparent,VCS13112,Black opaque,,-,50,47.2,21,142
229314,LB E,LB E17870,VCS13112,Round,136,M,Silver W/O EPL,Navy Blue,PC,Non power reading,Transparent,VCS13112,Black opaque,,-,50,47.2,21,142
229315,VC Eye,VC E14321,VC E14321,Aviator,133,N,Black Chrome,Matt Black,Dummy,65x1.2x3C,Transparent,Original,,,-,54,43.5,15,145
229316,VC Eye,VC E14321,VC E14321,Aviator,133,N,Silver,Matt Silver,Dummy,65x1.2x3C,Transparent,Original,,,-,54,43.5,15,145
229317,LB E,LB E17872,VCS13137,Round,140,M,Dark gun metal with epl,,PC,Non power reading,Transparent,VCS13137,Black opaque,,-,50,45.6,20,145
229318,LB E,LB E17872,VCS13137,Round,134,M,Black Chrome,Matt Black,PC,Non power reading,Transparent,VCS13137,Black opaque,,-,50,34,20,145
229319,LB E,LB E17873,VCS15403,Geometric,137,M,Dark gun metal with epl,,PC,Non power reading,Transparent,VCS15403,Black opaque,,-,54,45.8,18,133
229320,VC Sun,VC S15403,VC S15403,Geometric,137,M,Silver,Blue,Sunglass,,,Original,,,-,54,45.8,18,133
229321,LB E,LB E17874,VCE12422,Aviator,137,W,Silver W/O EPL,Navy Blue,PC,Non power reading,Transparent,VCE12422,Black opaque,,-,57,47.2,13,145
229322,LB E,LB E17874,VCE12422,Square,137,M,Silver W/O EPL,Matt Silver,PC,Non power reading,Transparent,VCE12422,Black opaque,,-,57,47.2,13,145
229323,VC Sun,VC S15398,VC S15398,Round,133,W,Silver,Matt Silver,Sunglass,,,Original,,,-,54,45.7,17,133
229324,LB E,LB E17875,VCS15398,Round,138,W,Black Chrome,Matt Black,PC,Non power reading,Transparent,VCS15398,Demi,,-,57,45.7,17,133
229325,VC Eye,VC E13394,VC E13394,Round,139,W,Black Chrome,Matt Black,Dummy,65x1.2x3C,Transparent,Original,,,-,53,46.8,20,140
229326,LB E,LB E17876,VCE13394,Round,139,W,Silver W/O EPL,Matt Silver,PC,Non power reading,Transparent,VCE13394,Black opaque,,-,53,46.8,20,140
229327,VC Eye,VC E13634,VC E13634,Geometric,132,N,Silver,Matt Silver,Dummy,65x1.2x3C,Transparent,Original,,,-,52,44,13,145
229328,LB E,LB E17877,VC E 13634,Geometric,132,N,Silver W/O EPL,Matt Silver,PC,Non power reading,Transparent,VC E 13634,Black opaque,,-,52,44,13,145
229411,VC Eye,VCE000690,BWF2401,Square,136,M,Silver W/O EPL,Blue,Dummy,65x1.2x3C,Transparent,Original,,,-,53,38.5,15,144
229412,VC Eye,VCE000690,BWF2401,Square,136,M,Dark Gun Metal W/O EPL,Matt dark gun metal,Dummy,65x1.2x3C,Transparent,Original,,,-,53,38.5,15,144
229413,VC Eye,VCE000691,BWF2402,Round,136,M,Dark gun metal with epl,,Dummy,65x1.2x3C,Transparent,Original,,,-,51,44.5,22,138
229414,VC Eye,VCE000691,BWF2402,Geometric,136,M,Silver with EPL,,Dummy,65x1.2x3C,Transparent,Original,,,-,51,44.5,22,138
229415,VC Eye,VCE000692,BWF2401,Square,140,W,Dark Gun Metal W/O EPL,Matt Black,Dummy,65x1.2x3C,Transparent,Original,,,-,55,39.5,18,145
229416,VC Eye,VCE000692,BWF2401,Square,140,W,Silver,Matt Silver,Dummy,65x1.2x3C,Transparent,Original,,,-,55,39.5,18,145
229417,VC Eye,VCE000693,BWF2402,Geometric,140,W,Mid Gun Metal,,Dummy,65x1.2x3C,Transparent,Original,,,-,53,46.1,22,138
229418,VC Eye,VCE000693,BWF 2402-W,Geometric,140,W,Mid Gun Metal,,Dummy,65x1.2x3C,Transparent,Original,,,-,53,46.1,22,138
229481,LK Air,LAE000694,Rimless,Rectangle,142,XW,Black Chrome,Matt Black,Dummy,,Transparent,Original,,,-,57,34,17,139
229482,LK Air,LAE000694,Rimless,Rectangle,142,XW,Silver W/O EPL,Navy Blue,Dummy,65x1.2x3C,Transparent,Original,,,-,57,34,17,139
229483,LK Air,LAE000695,Rimless,Rectangle,139,W,Black Chrome,Matt Black,Dummy,,Transparent,Original,,,-,57,38.5,18,139
229484,LK Air,LAE000695,Rimless,Rectangle,139,W,Light gun metal with EPL,,Dummy,65x1.2x3C,Transparent,Original,,,-,57,38.5,18,139
229485,LK Air,LAE000696,Rimless,Rectangle,136,M,Silver W/O EPL,Navy Blue,Dummy,65x1.2x3C,Transparent,Original,,,-,52,34.4,17,139
229486,LK Air,LA E000696,Rimless,Rectangle,136,M,Black Chrome,Matt Black,Dummy,65x1.2x3C,Transparent,Original,,,-,52,34.4,17,139
229487,LK Air,LAE000697,Rimless,Aviator,133,N,Black Chrome,Matt Black,Dummy,,Transparent,Original,,,-,52,40.7,20,139
229488,LK Air,LAE000697,Rimless,Aviator,133,N,Light gun metal with EPL,,Dummy,65x1.2x3C,Transparent,Original,,,-,52,41,20,139
232031,VC Eye,VC E17975,BWF2407,Square,136,M,Black Chrome,Matt Black,Dummy,65x1.2x3C,Transparent,Original,,,-,55,38.9,16,144
232032,VC Eye,VC E17975,BWF2408,Geometric,132,N,Dark Gun Metal W/O EPL,Matt Gun Metal,Dummy,65x1.2x3C,Transparent,Original,,,-,50,45.7,19,142
232033,VC Eye,VC E17976,VCE14032,Round,127,N,Black Chrome,Matt Black,Dummy,65x1.2x3C,Transparent,Original,,,-,48,42.4,18,145
232034,VC Eye,VC E17976,VCE14032,Round,127,N,Gold,,Dummy,65x1.2x3C,Transparent,Original,,,-,48,42.4,18,145
232035,VC Eye,VC E17977,VCS13112,Round,138,W,Black Chrome,Matt Black,Dummy,65x1.2x3C,Transparent,Original,,,-,50,47.2,21,142
232036,VC Eye,VC E17978,BWF2409,Geometric,132,N,Dark gun metal with epl,,Dummy,65x1.2x3C,Transparent,Original,,,-,50,46.3,19,142
232037,VC Eye,VC E17979,BWF2410,Square,140,W,Black Chrome,Matt Black,Dummy,65x1.2x3C,Transparent,Original,,,-,56,41.6,17,133
232038,VC Eye,VC E17980,BWF2411,Rectangle,132,N,Silver with EPL,,Dummy,65x1.2x3C,Transparent,Original,,,-,51,35.7,16,143
232039,VC Eye,VC E17981,BWF2412,Rectangle,136,N,Silver W/O EPL,Blue,Dummy,65x1.2x3C,Transparent,Original,,,-,52,33.8,19,144
232040,VC Eye,VC E17982,BWF2413,Cateye/ Women,137,M,Black Chrome,Matt Black,Dummy,65x1.2x3C,Transparent,Original,,,-,53,41.3,19,143
232041,VC Eye,VC E17982,BWF2413,Cateye/ Women,137,M,Silver W/O EPL,Lavender,Dummy,65x1.2x3C,Transparent,Original,,,-,53,41.3,19,143
232042,VC Eye,VC E17983,BWF2414,Square,140,W,Black Chrome,Matt Black,Dummy,65x1.2x3C,Transparent,Original,,,-,54,42.3,18,144
234764,VC Eye,VC E14113,VCE14113,Square,130,XN,Gold W/O EPL,Black,Dummy,65x1.2x3C,Transparent,Original,,,-,51,40,18,145
234765,VC Eye,VC E12395,VCE12395,Square,138,W,Gold W/O EPL,Black,Dummy,65x1.2x3C,Transparent,Original,,,-,55,39.5,16,140
234766,VC Eye,VC E12422-W,VCE12422,Square,138,W,Silver with EPL,,Dummy,65x1.2x3C,Transparent,Original,,,-,57,47.2,13,145
234767,VC Eye,VC E14035,VCE14035,Round,130,N,Gold W/O EPL,Black,Dummy,65x1.2x3C,Transparent,Original,,,-,50,44.2,20,145
234768,VC Eye,VC E12400,VCE12400,Cateye/ Women,139,W,Gold W/O EPL,Matt Black,Dummy,65x1.2x3C,Transparent,Original,,,-,54,40,15,145
234769,VC Eye,VC E12395,VCE12395,Square,138,W,Dark Gun Metal W/O EPL,Blue,Dummy,65x1.2x3C,Transparent,Original,,,-,55,39.5,16,140
234780,VC Eye,VC E14209,VCE14209,Square,132,N,Dark Gun Metal W/O EPL,Black,Dummy,65x1.2x3C,Transparent,Original,,,-,51,43.2,18,145
234781,VC Eye,VC E14032,VCE14032,Round,129,XN,Gold,Dark Pink,Dummy,65x1.2x3C,Transparent,Original,,,-,48,42.5,18,145
234782,VC Eye,VC E13634,VCE13634,Geometric,134,M,Silver with EPL,Black,Dummy,65x1.2x3C,Transparent,Original,,,-,52,44.5,16,145
234783,VC Eye,VC E12395-M,VCE12395,Rectangle,134,M,Light gold W/O EPL,Matt Black,Dummy,65x1.2x3C,Transparent,Original,,,-,53,37.5,16,140
234784,VC Eye,VC E14353,VC E14353,Square,134,M,Black Chrome,Blue,Dummy,65x1.2x3C,Transparent,Original,,,-,52,40.1,17,145
234785,VC Eye,VC E14207,VCE14207,Cateye/ Women,135,M,Gold W/O EPL,Black,Dummy,65x1.2x3C,Transparent,Original,,,-,53,40.7,17,145
234786,VC Eye,VC E13634,VCE13634,Geometric,134,M,Gold,Black,Dummy,65x1.2x3C,Transparent,Original,,,-,52,44.5,16,145
234787,VC Eye,VC E14032,VC E14032,Round,129,XN,Dark gun metal with epl,,Dummy,65x1.2x3C,Transparent,Original,,,-,48,42.4,18,145
234788,VC Eye,VC E14319,VCE14319,Square,140,W,Black Chrome,Matt black + Green enamelling,Dummy,65x1.2x3C,Transparent,Original,,,-,55,44.5,18,145
234789,VC Eye,VC E14207,VCE14207,Square,135,M,Dark Gun Metal W/O EPL,Green,Dummy,65x1.2x3C,Transparent,Original,,,-,53,40.7,17,145
234790,VC Eye,VC E14035,VCE14035,Round,131,N,Silver W/O EPL,Blue,Dummy,65x1.2x3C,Transparent,Original,,,-,50,44.2,20,145
234791,VC Eye,VC E13785-N,VCE13785,Geometric,130,N,Gold W/O EPL,Rose Gold,Dummy,65x1.2x3C,Transparent,Original,,,-,49,42,17,145
234792,VC Eye,VC E13788,VCE13788,Geometric,132,N,Gold W/O EPL,Rose Gold,Dummy,65x1.2x3C,Transparent,Original,,,-,48,42,19,148
234793,VC Eye,VC E13786,VCE13786,Geometric,132,N,Silver with EPL,Black,Dummy,65x1.2x3C,Transparent,Original,,,-,50,46.2,20,146
234794,VC Eye,VC E13785-M,VCE13785,Geometric,136,M,Gold W/O EPL,Rose Gold,Dummy,65x1.2x3C,Transparent,Original,,,-,52,43.4,17,145
234795,VC Eye,VC E13393-N,VCE13393,Cateye/ Women,132,N,Gold W/O EPL,Maroon,Dummy,65x1.2x3C,Transparent,Original,,,-,52,35.4,17,135
234796,VC Eye,VC E13786,VCE13786,Geometric,132,N,Gold W/O EPL,Rose Gold,Dummy,65x1.2x3C,Transparent,Original,,,-,50,46.2,20,146
234797,VC Eye,VC E13757,VCE13757,Rectangle,134,M,Gold W/O EPL,Copper Brown,Dummy,65x1.2x3C,Transparent,Original,,,-,54,36,17,140
234798,VC Eye,VC E13785,VC E13785,Geometric,136,M,Silver with EPL,Black,Dummy,65x1.2x3C,Transparent,Original,,,-,52,43.4,17,145
234799,VC Eye,VC E13788,VCE13788,Geometric,132,N,Dark Gun Metal W/O EPL,Dark Gun Metal,Dummy,65x1.2x3C,Transparent,Original,,,-,48,42,19,148
234800,VC Eye,VC E13788,VCE13788,Geometric,132,N,Silver W/O EPL,Dark Brown,Dummy,65x1.2x3C,Transparent,Original,,,-,48,42,19,148
234801,VC Eye,VC E 13393,VCE13393,Cateye/ Women,132,N,Silver W/O EPL,Black,Dummy,65x1.2x3C,Transparent,Original,,,-,52,35.4,17,135
234802,VC Eye,VC E13396,VCE13396,Rectangle,130,N,Silver W/O EPL,Matt black,Dummy,65x1.2x3C,Transparent,Original,,,-,52,38.7,15,140
234803,VC Eye,VC E13757,VCE13757,Rectangle,135,M,Silver W/O EPL,Matt Silver,Dummy,65x1.2x3C,Transparent,Original,,,-,54,36,17,140
234804,VC Eye,VC E13785,VC E13785,Geometric,130,N,Silver W/O EPL,Black,Dummy,65x1.2x3C,Transparent,Original,,,-,49,42,17,145
234805,VC Eye,VC E13394,VC E13394,Round,128,XN,Silver W/O EPL,Blue,Dummy,65x1.2x3C,Transparent,Original,,,-,48,42.8,20,140
234806,VC Eye,VC E13786,VCE13786,Geometric,134,M,Silver with EPL,Black,Dummy,65x1.2x3C,Transparent,Original,,,-,50,46.2,20,146
234807,VC Eye,VC E13786-W,VC E13786,Geometric,136,W,Silver with EPL,Black,Dummy,65x1.2x3C,Transparent,Original,,,-,49,47,20,146
234808,VC Eye,VC E13785-W,VC E13786,Geometric,138,W,Silver W/O EPL,Black,Dummy,65x1.2x3C,Transparent,Original,,,-,52.3,48.8,20,146
234809,VC Eye,VC E13393-N,VCE13393,Cateye/ Women,132,N,Half Rim,Silver,Dummy,65x1.2x3C,Transparent,Original,,,-,52,35.4,17,135
235593,VC Sun,VC S12917,VCS12917,Geometric,144,XW,Black Chrome,Matt Black,Sunglass,S10,Smoke,original,Black opaque,,-,52,44.4,22,142
235594,VC Sun,VC S15398,VC S15398,Round,138,M,Black Chrome,Matt Black,Sunglass,,,Original,,,-,50,45.7,23,145
235595,VC Sun,VC S13137,VC S13137,Round,135,N,Black Chrome,Matt Black,Sunglass,,,Original,,,-,50,45.6,20,145
235596,VC Sun,VC S13118,VC S13118,Square,144,W,Black Chrome,Matt Black,Sunglass,,,Original,,,-,57,46.6,13,145
235597,VC Sun,VC 5158,VC 5158,Aviator,140,M,Black Chrome,Matt Black,Sunglass,,,Original,,,-,57,49.3,16,140
235711,LB E,LB E18339,BWF2402,Hexagonal,144,XW,Silver with EPL,,PC,Non power reading,Transparent,BWF2402,Black opaque,,-,55,47.3,22,143
235712,LB E,LB E18339,BWF2402,Hexagonal,144,XW,Black Chrome,Matt Black,PC,Non power reading,Transparent,BWF2402,Black opaque,,-,55,46.1,22,143
235713,LB E,LB E18339,BWF2402/VCS12917,Hexagonal,144,XW,Dark gun metal with epl,,PC,Non power reading,Transparent,BWF2402/VCS12917,,,-,55,47.3,22,143
235714,LB E,LB E18340,BWF2415,Geometric,138,W,Matt silver,,PC,Non power reading,Transparent,BWF2415,,,-,53,45,18,140
235715,LB E,LB E18340,BWF2415,Geometric,138,W,Black Chrome,Matt Black,PC,Non power reading,Transparent,BWF2415,,,-,56,44.9,17,140
235716,LB E,LB E18340,BWF2415,Geometric,138,W,Dark Gun Metal W/O EPL,Matt gun metal,PC,Non power reading,Transparent,BWF2415,,,-,56,45,17,140
235717,LB E,LB E18341,BWF2416,Square,144,XW,Matt silver,,PC,Non power reading,Transparent,BWF2416,,,-,56,42,17,145
235718,LB E,LB E18341,BWF2416,Square,144,XW,Black Chrome,Matt Black,PC,Non power reading,Transparent,BWF2416,,,-,56,42,17,145
235719,LB E,LB E18341,BWF2416,Square,144,XW,Dark Gun Metal W/O EPL,Matt gun metal,PC,Non power reading,Transparent,BWF2416,,,-,56,42,17,145
235720,LB E,LB E18342,BWF2417,Geometric,134,M,Matt silver,,PC,Non power reading,Transparent,BWF2417,,,-,52,44,16,138
235721,LB E,LB E18342,BWF2417,Geometric,134,M,Black Chrome,Matt Black,PC,Non power reading,Transparent,BWF2417,,,-,52,44.5,16,138
235722,LB E,LB E18342,BWF2417,Geometric,138,M,Dark Gun Metal W/O EPL,Matt gun metal,PC,Non power reading,Transparent,BWF2417,,,-,52,44.5,16,138
235723,LB E,LB E18343,VCE14113,Square,134,M,Silver with EPL,,PC,Non power reading,Transparent,VCE14113,,,-,51,39.9,18,145
235724,LB E,LB E18343,VCE14113,Square,134,M,Black Chrome,Matt Black,PC,Non power reading,Transparent,VCE14113,,,-,51,39.9,18,145
235725,LB E,LB E18343,VCE14113,Square,134,M,Dark gun metal with epl,,PC,Non power reading,Transparent,VCE14113,,,-,51,39.9,18,145
235726,LB E,LB E18344,VCS13118,Square,144,XW,Black Chrome,Matt Black,PC,Non power reading,Transparent,VCS13118,,,-,57,46.6,13,145
235727,LB E,LB E18344,VCS13118,Square,144,XW,Dark gun metal with epl,,PC,Non power reading,Transparent,VCS13118,,,-,57,46.6,13,145
235901,LB E,LB E18392,13112,Round,136,M,Silver with EPL,,PC,Non power reading,Transparent,13112,,,-,50,47.2,21,145
235902,LB E,LB E18393,13137,Round,135,M,Black Chrome,Matt Black,PC,Non power reading,Transparent,13137,,,-,55,45.6,20,145
235903,LB E,LB E18394,15398,Round,138,W,Black Chrome,Matt Black,PC,Non power reading,Transparent,15398,,,-,50,45.7,23,145
235904,LB E,LB E18395,12395/L,Rectangle,140,W,Silver,Matt Silver,PC,Non power reading,Transparent,12395/L,,,-,55,39.5,16,141
235905,LB E,LB E18396,VC E14353,Square,140,W,Silver,Blue,PC,Non power reading,Transparent,VC E14353,,,-,52,40.1,17,145
235906,LB E,LB E18397,5158,Aviator,140,W,Dark gun metal with epl,,PC,Non power reading,Transparent,5158,,,-,57,49.3,16,140
235907,LB E,LB E18398,VC E13624,Rectangle,140,W,Dark gun metal with epl,,PC,Non power reading,Transparent,VC E13624,,,-,55,41.8,17,145
235908,LB E,LB E18399,VC E14113/M,Square,134,M,Gold,,PC,Non power reading,Transparent,VC E14113/M,,,-,51,39.9,18,145
236601,VC Eye,VC E18549,T1E1,Rectangle,140,W,Black Chrome,Semi Matt Black ,Dummy,65x1.2x3C,Transparent,Original,,,-,54,35.2,16,140
236602,VC Eye,VC E18550,#N/A,Square,141,W,Dark gun metal with epl,,Dummy,65x1.2x3C,Transparent,Original,,,-,56,39,17,145
236603,VC Eye,VC E18551,#N/A,Rectangle,130,N,Black Chrome,Semi Matt Black ,Dummy,65x1.2x3C,Transparent,Original,,,-,52,22,16,140
236604,VC Eye,VC E18551,T2E1,Rectangle,130,N,Gold,,Dummy,65x1.2x3C,Transparent,Original,,,-,52,22.3,16,140
236605,VC Eye,VC E18552,T2E2,Rectangle,139,W,Dark gun metal with epl,,Dummy,65x1.2x3C,Transparent,Original,,,-,55,24,16,140
236606,VC Eye,VC E18552,T2E2,Rectangle,139,W,Silver with EPL,,Dummy,65x1.2x3C,Transparent,Original,,,-,55,24,16,140
236607,VC Eye,VC E18553,T3E1,Rectangle,137,M,Black Chrome,Semi Matt Black ,Dummy,65x1.2x3C,Transparent,Original,,,-,53,26.8,19,137
236608,VC Eye,VC E18553,T3E1,Rectangle,136,M,Dark gun metal with epl,,Dummy,65x1.2x3C,Transparent,Original,,,-,53,26.8,19,137
236609,VC Eye,VC E18554,RimlessPreCNY6T3E2,Rectangle,133,N,Gold,,Dummy,65x1.2x3C,Transparent,Original,,,-,54,30.9,17,137
236610,VC Eye,VC E18554,RimlessPreCNY6T3E2,Rectangle,134,M,Dark gun metal with epl,,Dummy,65x1.2x3C,Transparent,Original,,,-,54,30.9,17,137
236701,LB E,LB E 18570,2402,Geometric,136,M,Silver with EPL,,PC,Non power reading,Transparent,2402,,,-,51,44.4,22,138
236702,LB E,LB E 18571,#N/A,Oval,128,XN,Dark gun metal with epl,,PC,Non power reading,Transparent,,,,-,48,43,20,140
236703,LB E,LB E 18572,VCE13786,Geometric,132,N,Dark gun metal with epl,,PC,Non power reading,Transparent,VCE13786,,,-,49,47,20,146
236704,LB E,LB E 18572,#N/A,Geometric,132,N,Silver with EPL,,PC,Non power reading,Transparent,,,,-,50,47,20,146
236705,LB E,LB E 18573,15069,Round,130,N,Dark gun metal with epl,,PC,Non power reading,Transparent,15069,,,-,47,43,19,143
236706,LB E,LB E 18573,15069,Round,130,N,Matt silver,,PC,Non power reading,Transparent,15069,,,-,47,44,19,143
236707,LB E,LB E 18574,VCE13786,Geometric,132,N,Silver with EPL,,PC,Non power reading,Transparent,VCE13786,,,-,49,47,20,146
236708,LB E,LB E17875,VC S15398,Round,136,M,Silver with EPL,,PC,Non power reading,Transparent,VC S15398,,,-,50,46,23,145
236709,LB E,LB E17376,,Round,140,W,Gold,,PC,Non power reading,Transparent,LB E17376,,,-,52,45.6,19,140
236710,LB E,LB E17869,,Geometric,129,XN,Black Chrome,Matt Black,PC,Non power reading,Transparent,,,,-,49,41.3,18,144
236731,LB E,LB E17876,,Round,139,W,Silver W/O EPL,Blue,PC,Non power reading,Transparent,LB E17376,,,-,53,46.8,21,140
236740,VC Eye,VC E18580,BWF2505,Aviator,141,W,Gold,,Dummy,65x1.2x3C,Transparent,Original,,,-,57,48,15.7,145
236741,VC Eye,VC E18580,BWF2505,Aviator,141,W,Light gun metal with EPL,,Dummy,65x1.2x3C,Transparent,Original,,,-,57,48,15.7,145
236742,VC Eye,VC E18581,BWF2506,Square,146,XW,Dark gun metal with epl,,Dummy,65x1.2x3C,Transparent,Original,,,-,59,43.9,16,145
236743,VC Eye,VC E18581,#N/A,Square,146,XW,Light gun metal with EPL,,Dummy,65x1.2x3C,Transparent,Original,,,-,59,45,16,145
236744,VC Eye,VC E18582,BWF2507,Rectangle,136,M,Black Chrome,Semi Matt Black ,Dummy,65x1.2x3C,Transparent,Original,,,-,53,30.9,17.5,145
236745,VC Eye,VC E18582,BWF2507,Oval,136,M,Silver with EPL,,Dummy,65x1.2x3C,Transparent,Original,,,-,53,30.9,17.5,145
236746,VC Eye,VC E18583,BWF2508,Round,137,M,Black Chrome,Semi Matt Black ,Dummy,65x1.2x3C,Transparent,Original,,,-,54,49.9,18,145
236747,VC Eye,VC E18584,BWF2509,Round,137,M,Dark gun metal with epl,,Dummy,65x1.2x3C,Transparent,Original,,,-,54,46.8,16.5,145
236748,VC Eye,VC E18585,BWF2513,Geometric,140,W,Silver with EPL,,Dummy,65x1.2x3C,Transparent,Original,,,-,53,45.4,21.5,145
236749,VC Eye,VC E18586,#N/A,Square,135,M,Light gun metal with EPL,,Dummy,65x1.2x3C,Transparent,Original,,,-,53,47,15,145
236750,VC Eye,VC E18587,BWF2511,Cateye,142,XW,Dark gun metal with epl,,Dummy,65x1.2x3C,Transparent,Original,,,-,56,45.9,16.1,145
236751,VC Eye,VC E18587,BWF2511,Cat Eye,142,XW,Light gold W/O EPL,Rose Gold,Dummy,65x1.2x3C,Transparent,Original,,,-,56,45.9,16.1,145
236752,VC Eye,VC E18588,BWF2512,Square,141,W,Gold,Black,Dummy,65x1.2x3C,Transparent,Original,,,-,56,46.9,16,145
236753,VC Eye,VC E18589,BWF2514,Square,137,M,Silver with EPL,,Dummy,65x1.2x3C,Transparent,Original,,,-,52,45,18.7,145
236754,VC Eye,VC E18590,BWF2516,Round,135,M,Light gold W/O EPL,Rose Gold,Dummy,65x1.2x3C,Transparent,Original,,,-,50,45.7,18.7,145
236755,VC Eye,VC E18590,#N/A,Round,135,M,Light gun metal with EPL,,Dummy,65x1.2x3C,Transparent,Original,,,-,50,45,19,145
236756,VC Eye,VC E18591,BWF2517,Geometric,141,W,Light Gun Metal,,Dummy,65x1.2x3C,Transparent,Original,,,-,56,50.1,16.2,145
236757,VC Eye,VC E18592,BWF2521,Geometric,136,M,Light gun metal with EPL,,Dummy,65x1.2x3C,Transparent,Original,,,-,51,45.1,18.2,145
236909,VC Eye,VC E14938,VCE14938,Square,139,W,Dark Gun Metal W/O EPL,Blue,Dummy,65x1.2x3C,Transparent,Original,,,-,52,40.9,17.9,149
236910,VC Eye,VC E14938,VCE14938,Rectangle,139,W,Silver W/O EPL,Black,Dummy,65x1.2x3C,Transparent,Original,,,-,52,40.9,17.9,149
236911,VC Eye,VC E14936,VCE14936,Square,136,M,Dark Gun Metal W/O EPL,Blue,Dummy,65x1.2x3C,Transparent,Original,,,-,51,39.4,19,149
236912,VC Eye,VC E13033,VCE13033,Clubmaster,140,W,Dark gun metal with epl,,Dummy,65x1.2x3C,Transparent,Original,,,-,51,44.6,19,145
236913,VC Eye,VC E14937,VC E14937,Square,139,W,Silver W/O EPL,Black,Dummy,65x1.2x3C,Transparent,Original,,,-,53,39.6,17,149
237186,LB E,LB E18617,VCE13033,Round,140,W,Dark gun metal with epl,,PC,Non power reading,Transparent,VCE13033,,,-,51,44,19,145
237187,LB E,LB E18617,VCE13033,Round,140,W,Dark gun metal with epl,,PC,Non power reading,Transparent,VCE13033,,,-,51,44,19,145
237301,VC Sun,VC S18631,BWF2519,Geometric,135,N,Dark gun metal with epl,,Sunglass,S-10,Dark smoke,Original,,,-,51,48.4,18.2,145
237302,VC Sun,VC S18632,BWF2508,Round,137,M,Black Chrome,Matt Black,Sunglass,S-10,Dark smoke,Original,,,-,54,49.9,18,145
237303,VC Sun,VC S18633,BWF2513M,Square,140,M,Silver with EPL,,Sunglass,S-10,Dark smoke,Original,,,-,53,45,22,145
237304,VC Sun,VC S18634,BWF2511,Cat Eye,142,W,Silver with EPL,,Sunglass,S-10,Dark smoke,Original,,,-,56,45.9,16.1,145
237305,VC Sun,VC S18634,BWF2511,Cat Eye,142,W,Gold,,Sunglass,Brown,Brown,Original,,,-,56,45.9,16.1,145
237306,VC Sun,VC S18635,BWF2506XW,Rectangle,146,XW,Silver with EPL,,Sunglass,S-10,Dark smoke,Original,,,-,59,43.9,16.1,145
237307,VC Sun,VC S18635,BWF2506XW,Rectangle,146,XW,Gold,,Sunglass,G15,#N/A,Original,,,-,59,43.9,16.1,145
237308,VC Sun,VC S18636,BWF2512,Square,141,W,Dark gun metal with epl,,Sunglass,S-10,Dark smoke,Original,,,-,56,46.9,16,145
237309,VC Sun,VC S18636,BWF2512,Square,141,W,Black Chrome,Matt Black,Sunglass,Deep Blue,Deep Blue,Original,,,-,56,46.9,16,145
237310,VC Sun,VC S18637,BWF2517,Square,141,W,Silver with EPL,,Sunglass,S-10,Dark smoke,Original,,,-,56,50.1,16.2,145
237311,VC Sun,VC S18592,BWF2521,Square,136,M,Silver with EPL,,Sunglass,S-10,Dark smoke,Original,,,-,51,45.1,18.2,145
237581,VC Sun,VC S18681,VC5158/P,Aviator,137,M,Black Chrome,Matt Black,Sunglass,GREY,GREY,,,,-,57,49.3,15.9,140
237582,VC Sun,VC S18682,2402,Geometric,136,M,Black Chrome,Matt Black,Sunglass,S-10,Dark smoke,,,,-,51,44.5,22.2,143
237583,MP-Amazon 13112,LB E18683,BWF 2549,Round,137,M,Silver with EPL,,PC,Non power reading,Transparent,,Black opaque,,-,51,47.2,21,145
237584,VC Sun,VC S18684,BWF2550,Square,140,M,Silver with EPL,,Sunglass,S-10,Dark smoke,,,,-,57,46.6,13.2,145
237585,MP-Flipkart 13624,LB E18685,BWF2545,Square,135,M,Black Chrome,Matt Black,PC,Non power reading,Transparent,,Black opaque,,-,53,40.3,16,145
237586,MP-Flipkart 14319,LB E18686,BWF2546,Square,136,M,Black Chrome,Matt Black,PC,Non power reading,Transparent,,Black opaque,,-,53,46,17,145
237587,VC Sun,VC S18687,BWF2551,Geometric,140,M,Silver with EPL,,Sunglass,S-10,Dark smoke,,,,-,56,46.6,17.3,145
237588,VC Sun,VC S18687,BWF2551,Geometric,140,M,Silver with EPL,,Sunglass,Blue #1601,BLUE,,,,-,56,46.6,17.3,145
237589,MP-Amazon 15398,LB E18688,BWF2552,Round,137,M,Dark gun metal with epl,,PC,Non power reading,Transparent,,Black opaque,,-,50,45.7,23.2,145
237590,VC Sun,VC S18689,BWF2505/2553,Aviator,139,M,Silver with EPL,,Sunglass,S-10,Dark smoke,,,,-,55,46,16,145
237591,VC Sun,VC S18689,BWF2505/2553,Aviator,139,M,Silver with EPL,,Sunglass,S-10,Dark smoke,,,,-,55,46.4,15.7,145
237592,VC Sun,VC S18690,BWF2510/2554,Square,137,M,Silver with EPL,,Sunglass,S-10,Dark smoke,,,,-,53,47.5,15.2,145
237593,VC Sun,VC S18690,BWF2510/2554,Square,137,M,Silver with EPL,,Sunglass,S-10,Dark smoke,,,,-,53,47,15,145
237594,VC Sun,VC S18691,BWF2510/2554,Round,132,N,Silver with EPL,,Sunglass,,,,,,-,50,45.7,15.2,145
237595,VC Sun,VC S18691,BWF2516/2555,Geometric,134,N,Silver with EPL,,Sunglass,S-10,Dark smoke,,,,-,50,45.7,18.7,145
237596,MP-Flipkart 13786,LB E18692,BWF2544,Hexagonal,135,M,Black Chrome,Matt Black,PC,Non power reading,Transparent,,Black opaque,,-,50,47,20,145
237597,LB E,LB E18692,BWF2544,Hexagonal,135,M,Silver with EPL,,PC,Non power reading,Transparent,,,,-,50,46,20,145
237598,VC Sun,VC S18693,VCS13137,Round,135,N,Dark gun metal with epl,,Sunglass,Light blue BL50,Light Blue,,,,-,50,45.6,20,145
237599,VC Sun,VC S18693,VCS13137,Round,135,N,Black Chrome,Matt Black,Sunglass,Light blue BL50,Light Blue,,,,-,50,45.6,20,145
237752,VC Eye,VC E18757,PostCNYT1E1BWF2528,Rectangle,133,N,Black Chrome,Shiny Black,Dummy,65x1.2x3C,Transparent,Original,,,-,53,34,16,140
237753,VC Eye,VC E18758,Post CNY T1E2 BWF2529,Cat Eye,133,N,Light gold W/O EPL,Rose Gold,Dummy,65x1.2x3C,Transparent,Original,,,-,54,40,15,140
237754,VC Eye,VC E18759,Post CNY T1E3BWF2530,Rectangle,132,N,Matt Light Gun Metal with EPL,,Dummy,65x1.2x3C,Transparent,Original,,,-,52,27,16,140
237755,VC Eye,VC E18760,PostCNYT5E1BWF2540,Square,140,W,Dark gun metal with epl,,Dummy,65x1.2x3C,Transparent,Original,,,-,57,39,17,140
237756,VC Eye,VC E18761,Post CNYT5E2BWF2541,Rectangle,136,M,Light gun metal with EPL,,Dummy,65x1.2x3C,Transparent,Original,,,-,53,39,17,140
237757,VC Eye,VC E18762,PostCNYT5E3BWF2542,Rectangle,132,N,Dark gun metal with epl,,Dummy,65x1.2x3C,Transparent,Original,,,-,52,34,16,140
237881,VC Eye,VC E18761,PostCNYT5E2BWF2541,Rectangle,136,M,Gold,,Dummy,65x1.2x3C,Transparent,Original,,,-,54,38,17,140
237931,VC Eye,VC E11891,VC E11891,Rectangle,134,M,Dark gun metal with epl,,Dummy,65x1.2x3C,Transparent,Original,,,-,53,34,17,140
237932,VC Eye,VC E 15069,VC E 15069,Round,130,N,Silver with EPL,,Dummy,65x1.2x3C,Transparent,Original,,,-,47,44,18,145
237933,VC Eye,VC E13393,VC E15069,Cat Eye,132,N,Dark gun metal with epl,Acrylic blue,Dummy,65x1.2x3C,Transparent,Original,,,-,52,37,17,135
237934,VC Eye,VC E13783,VC E13393,Round,132,N,Light gold W/O EPL,Rose Gold,Dummy,65x1.2x3C,Transparent,Original,,,-,50,46.2,17,#N/A
238441,MP-Blinkit 2513,LB E18809,BWF 2556,Geometric,140,W,Dark gun metal with epl,,PC,Non power reading,Transparent,,Black opaque,,-,53,45,22,145
238731,LK Air,LA E18746,LAE18746,Rectangle,133,N,Gradient color,,Dummy,65x1.2x3C,Transparent,Original,,,-,54,34,16,140
238732,LK Air,LA E18746,LAE18746,Rectangle,133,N,Grey,,Dummy,65x1.2x3C,Transparent,Original,,,-,54,34,16,140
238733,LK Air,LA E18747,LAE18747,Rectangle,127,XN,Gradient color,,Dummy,65x1.2x3C,Transparent,Original,,,-,51,27,16,140
238827,VC Eye,VC E13787,VCE13787,Geometric,136,M,Dark Gun Metal W/O EPL,Matt gun metal,Dummy,65x1.2x3C,Transparent,Original,,,-,51,46,17.1,145
238828,VC Eye,VC E16002,VCE16002,Square,142,XW,Silver with EPL,Blue,Dummy,65x1.2x3C,Transparent,Original,,,-,55,47,16,142
238829,VC Eye,VC E17135,VCE17135,Rectangle,135,M,Gold,,Dummy,65x1.2x3C,Transparent,Original,,,-,52.5,35,17.5,145
238840,VC Eye,VC E16002,VCE16002,Square,142,XW,Gold,Black,Dummy,65x1.2x3C,Transparent,Original,,,-,55,47,16,142
238841,VC Eye,VC E13400,VCE13400,Rectangle,131,N,Silver W/O EPL,Black,Dummy,65x1.2x3C,Transparent,Original,,,-,50,32,18,140
238842,VC Eye,VC E17052,VCE17052,Rectangle,132,N,Mid gun metal with EPL,,Dummy,65x1.2x3C,Transparent,Original,,,-,50,32,18,140
238843,VC Eye,VC E13400,VCE13400,Rectangle,131,N,Silver W/O EPL,Blue,Dummy,65x1.2x3C,Transparent,Original,,,-,50,32,18,140
238938,VC Sun,VC S18684,BWF2550,Square,140,M,Gold,,Sunglass,Brown,Brown,,,,-,57,46,13,145
238939,VC Sun,VC S18687,BWF2551,Geometric,140,M,Silver with EPL,,Sunglass,Green,Green,,,,-,56,46,17,145
238940,VC Sun,VC S18691,BWF2555,Round,136,M,Silver with EPL,,Sunglass,Dark Gradient Blue,Dark Gradient Blue,,,,-,50,46,19,145
238941,VC Sun,VC S18691,BWF2555,Round,136,M,Silver with EPL,,Sunglass,Light Gradient Blue,Light Gradient Blue,,,,-,50,46,19,145
238942,VC Sun,VC S18689,BWF2553,Aviator,139,M,Gold,,Sunglass,Green,Green,,,,-,55,46,16,145
238943,VC Sun,VC S18682,2402,Geometric,136,M,Black Chrome,Matt Black,Sunglass,Green,Green,,,,-,51,44,22,143
238944,VC Sun,VC S18681,VC5158/P,Aviator,140,M,Gold,,Sunglass,Black,Black,,,,-,57,48,16,140
238945,VC Sun,VC S18681,VC5158/P,Aviator,140,M,Silver with EPL,,Sunglass,Gradient Blue,Gradient Blue,,,,-,57,49,16,140
238971,VC Eye,VC E11891,VCE11891,Rectangle,134,M,Silver W/O EPL,Blue,Dummy,65x1.2x3C,Transparent,Original,,,-,53,34,17,140
239838,VC Eye,VC E11891-N,VCE11891,Rectangle,129,XN,Silver with EPL,,Dummy,65x1.2x3C,Transparent,Original,,,-,50.1,32.1,16.2,140
239839,VC Eye,VC E14039,VCE 14039,Rectangle,135,M,Black Chrome,Semi Matt Black ,Dummy,65x1.2x3C,Transparent,Original,,,-,53,35,17,141
239840,VC Eye,VC E17048,VCE17048,Rectangle,139,W,Gold,,Dummy,65x1.2x3C,Transparent,Original,,,-,56,32,16,145
240156,VC Sun,VC S13118,VCS13118,Square,144,W,Silver with EPL,,Sunglass,Gradient blue+ SS1602,Gradient blue,Original,,,-,57,46,13,145
240157,VC Sun,VC S13118,VCS13118,Square,144,W,Gold,,Sunglass,Gradient dark green- GG23,Gradient dark green,Original,,,-,57,46,13,145
240158,VC Sun,VC S13137,VCS13137,Round,135,N,Gold,,Sunglass,Gradient brown- BC1503,Gradient brown,Original,,,-,50,45,20,145
240159,VC Sun,VC S13137,VCS13137,Round,135,N,Silver with EPL,,Sunglass,Gradient blue+ SS1602,Gradient blue,Original,Black Opaque,,-,50,45,20,145
240160,VC Sun,VC S12917,VCS12917,Square,144,W,Black Chrome,Matt Black,Sunglass,Gradient purple- SS1509,Gradient purple,Original,Black Opaque,,-,55,47,22,142
240161,VC Sun,VC S12917,VCS12917,Geometric,144,W,Dark gun metal with epl,,Sunglass,Gradient purple- SS1509,Gradient purple,Original,Black Opaque,,-,55,47,22,142
240311,VC Eye,VC E13784,VCE13784,Round,134,M,Silver W/O EPL,Lavender,Dummy,65x1.2x3C,Transparent,Original,,,-,51,47,18,148
240601,VC Sun,VC S18950,BWF2557-Doungtian,Geometric,142,W,Gold,,Sunglass,G-15,green solid,VC S 14506,Demi with infinity logo by hot stamping,,-,53.5,45.6,18.2,143
240602,VC Sun,VC S18950,BWF2557-Doungtian,Geometric,142,W,Silver with EPL,,Sunglass,Brown,green solid,VC S 14506,Demi with infinity logo by hot stamping,,-,53.5,45.6,18.2,143
240603,VC Sun,VC S18951,BWF2559-Doungtian,Square,141,W,Silver with EPL,,Sunglass,BLUE,BLUE,VC S 14506,Demi with infinity logo by hot stamping,,-,57.1,46.6,13.2,145
240604,VC Sun,VC S18951,BWF2559-Doungtian,Square,141,W,Gold,,Sunglass,Gradient Brown,BLUE,VC S 14506,Demi with infinity logo by hot stamping,,-,57.1,46.6,13.2,145
241041,VC Sun,VC S13115,VCS13115,Square,135,N,Dark gun metal with epl,,Sunglass,Gradient brown- BC1503,Gradient brown,Original,Black Opaque,,-,52,42,15,145
241042,VC Sun,VC S13115,VCS13115,Square,135,N,Gold,,Sunglass,Brown B22,Brown,Original,Black Opaque,,-,52,42,15,145
241043,VC Sun,VC S13121,VCS13121,Square,135,N,Gold,,Sunglass,Gradient brown- BC1503,Gradient brown,Original,Black Opaque,,-,49,42,19,140
241044,VC Sun,VC S13121,VCS13121,Geometric,135,N,Gold,,Sunglass,TAC 1503,,Original,Black Opaque,,-,49,42.6,19,140
241045,VC Sun,VC S13121,VCS13121,Round,135,N,Light gun metal with EPL,,Sunglass,Dark Blue,Dark Blue,Original,Black Opaque,,-,49,42,19,140
241046,VC Sun,VC S14507,VCS14507,Square,134,N,Dark gun metal with epl,,Sunglass,SG146,Smoke Gradient,Original,Black Opaque,,-,54.8,44.9,13.2,143
241047,VC Sun,VC S14507,VCS14507,Square,134,N,Silver with EPL,,Sunglass,SB-15,AQUA,Original,Black Opaque,,-,55,45,14,145
241048,VC Sun,VC S14507,VCS14507,Square,134,N,Black Chrome,Matt Black,Sunglass,G-15,Smoke Gradient,Original,Black Opaque,,-,54.8,44.9,13.2,143
241049,VC Sun,VC S12593,VCS12593,Square,143,W,Gold,,Sunglass,Dark Blue- U1601,Dark Blue,Original,Black Opaque,,-,58,50,16,148
241050,VC Sun,VC S12593,VCS12593,Square,143,W,Black Chrome,Matt Black,Sunglass,Gradient dark green- GG23,Gradient dark green,Original,Black Opaque,,-,58,50,16,148
241051,VC Sun,VC S14495,VCS14495,Geometric,146,XW,Light gun metal with EPL,,Sunglass,G-15,green solid,Original,Black Opaque,,-,60,48,15,145
241052,VC Sun,VC S14495,VCS14495,Geometric,146,XW,Black Chrome,Matt Black,Sunglass,Gradient purple- SS1509,Gradient purple,Original,Black Opaque,,-,60,48,15,145
241053,VC Sun,VC S14495,VCS14495,Geometric,146,XW,Dark gun metal with epl,,Sunglass,Gradient burgundy- RG15,Gradient burgundy,Original,Black Opaque,,-,60,48.7,15,145
241054,VC Sun,VC S12973,VCS12973,Clubmaster,143,W,Silver with EPL,,Sunglass,EYEPOL S15,Smoke,Original,Black Opaque,,Black,51.4,43.2,20.4,149
241055,VC Sun,VC S12973,VCS12973,Square,143,W,Gold,,Sunglass,EYEPOL Brown BG24,Smoke,Original,Black Opaque,,Black,51.4,43.2,20.4,149
241056,VC Sun,VC S12973,VCS12973,Clubmaster,143,W,Gold,,Sunglass,Gradient dark green- GG23,Smoke,Original,Black Opaque,,Black,51.4,43.2,20.4,149
241059,VC Sun,VC S13137,VCS13137,Round,135,N,Black Chrome,Matt Black,Sunglass,Brown- B22,Brown,Original,Black Opaque,,-,50,45,20,145
241060,VC Sun,VC S13118,VCS13118,Square,144,W,Mid gun metal with EPL,,Sunglass,Gradient purple- SS1509,Gradient purple,Original,Black Opaque,,-,57,46,13,145
241061,VC Sun,VC S13118,VCS13118,Square,144,W,Black Chrome,Matt Black,Sunglass,Gradient dark green- GG23,Gradient dark green,Original,Black Opaque,,-,57.1,46.6,16.2,145
241062,VC Sun,VC S13118,VCS13118,Square,144,W,Silver with EPL,,Sunglass,Blue-QC1501,Blue,Original,Black Opaque,,-,57,46,13,145
241063,VC Sun,VC S12917,VCS12917,Geometric,144,W,Japnese Gold with EPL,,Sunglass,EYEPOL Brown BG24,Brown,Original,Black Opaque,,-,54.7,47.3,22.1,143
241064,VC Sun,VC S12917,VCS12917,Geometric,144,W,Light gun metal with EPL,,Sunglass,G-15,green solid,Original,Black Opaque,,-,55,47,22,142
241065,VC Sun,VC S12917,VCS12917,Geometric,144,W,Gold,,Sunglass,EYEPOL S15,Smoke,Original,Black Opaque,,-,54.7,47.3,22.1,143
241066,VC Sun,VC S19000,VC S19000,Aviator,144,W,Gold,,Sunglass,GG23,GREEN FADE,TT1(75),Jinliang FRP175,,-,60,53,14,150
241067,VC Sun,VC S19000,VC S19000,Aviator,144,W,Black Chrome,Shiny Black,Sunglass,G16,FOREST,TT1(75),Jinliang F1797,,-,60,53,14,150
241068,VC Sun,VC S19001,VC S19001,Aviator,141,W,Gold,,Sunglass,RBG10,Brown Grad,TT4(75),Jinliang F1251,,-,58.9,52,13.8,150
241069,VC Sun,VC S19001,VC S19001,Aviator,141,W,Black Chrome,Shiny Black,Sunglass,S15,Smoke,TT4(75),Jinliang F1797,,-,58.9,52,13.8,150
241070,VC Sun,VC S19001,VC S19001,Aviator,141,W,Light gold W/O EPL,Rose Gold,Sunglass,BC1503,ROSE FADE DULL,TT4(75),JINLIANG F1H00053,,-,58.9,52,13.8,150
241071,VC Sun,VC S19002,VC S19002,Browbar,139,M,Japnese Gold with EPL,,Sunglass,PAB1310,COFFEE BROWN,TT1(75),Jinliang FRP175,,-,59.2,46.8,10.8,145
241072,VC Sun,VC S19002,VC S19002,Browbar,139,M,Gold,,Sunglass,BBS13,OLIVE,TT1(75),Jinliang FRP175,,-,59.2,46.8,10.8,145
241074,VC Sun,VC S19003,VC S19003,Browbar,141,W,Black Chrome,Shiny Black,Sunglass,BBS13,OLIVE,TT3(70),Vision VABC125,,-,58,42.4,15.6,145
241075,VC Sun,VC S19003,VC S19003,Browbar,141,W,Dark gun metal with epl,,Sunglass,S09,Charcoal,TT3(70),Jinliang F1797,,-,58,42.4,15.6,145
241076,VC Sun,VC S19004,VC S19004,Browbar,140,M,Gold,,Sunglass,BBS13,OLIVE,TT1(75),Jinliang FRP175,,-,56.6,48.7,16,145
241077,VC Sun,VC S19004,VC S19004,Browbar,140,M,Black Chrome,Shiny Black,Sunglass,RBG10,Brown Grad,TT1(75),Jinliang F1797,,-,56.6,48.7,16,145
241078,VC Sun,VC S19005,VC S19005,Browbar,143,W,Black Chrome,Matt Black,Sunglass,SB15,AQUA,TT1(75),Jinliang F1680,,-,59.4,52.1,15.3,150
241079,VC Sun,VC S19005,VC S19005,Browbar,143,W,Silver with EPL,,Sunglass,S15,Smoke,TT1(75),Jinliang F1797,,-,59.4,52.1,15.3,150
241080,VC Sun,VC S19005,VC S19005,Browbar,143,W,Japnese Gold with EPL,,Sunglass,G15,#N/A,TT1(75),Jinliang FRP175,,-,59.4,52.1,15.3,150
241081,VC Sun,VC S19006,VC S19006,Browbar,144,W,Black Chrome,Matt Black,Sunglass,C14,Coffee,TT1(80),Black Opaque,,-,59.5,53.5,16,150
241082,VC Sun,VC S19006,VC S19006,Browbar,144,W,Silver with EPL,,Sunglass,G16,FOREST,TT1(80),Jinliang FRP175,,-,59.5,53.5,16,150
241083,VC Sun,VC S19007,VC S19007,Browbar,143,W,Dark gun metal with epl,,Sunglass,G16,FOREST,TT1(75),Jinliang FRP175,,-,59.8,50,15.2,150
241084,VC Sun,VC S19007,VC S19007,Browbar,143,W,Black Chrome,Matt Black,Sunglass,S15,Smoke,TT1(75),Jinliang F1797,,-,59.8,50,15.2,150
241085,VC Sun,VC S19007,VC S19007,Browbar,143,W,Silver with EPL,,Sunglass,RUSG14,BLUE SMOKE,TT1(75),Jinliang F1H00120,,-,59.8,50,15.2,150
241086,VC Sun,VC S19008,VC S19008,Browbar,141,W,Dark gun metal with epl,,Sunglass,G16,FOREST,TT1(75),Jinliang FRP175,,-,58,48,13.5,150
241087,VC Sun,VC S19008,VC S19008,Browbar,141,W,Gold,,Sunglass,SG146,Smoke Gradient,TT1(75),Jinliang F1H00120,,-,58,48,13.5,150
241088,VC Sun,VC S19008,VC S19008,Browbar,141,W,Gold,,Sunglass,RBG10,Brown Grad,TT1(75),Jinliang FRP175,,-,58,48,13.5,150
241089,VC Sun,VC S19009,VC S19009,Browbar,143,W,Dark gun metal with epl,,Sunglass,RUSG14,BLUE SMOKE,TT1(80),Jinliang F1680,,-,59.9,48.6,13.7,150
241090,VC Sun,VC S19009,VC S19009,Browbar,143,W,Black Chrome,Matt Black,Sunglass,BBS13,OLIVE,TT1(80),Vision VABC125,,-,59.9,48.6,13.7,150
241091,VC Sun,VC S19010,VC S19010,Cateye/ Women,135,N,Gold,,Sunglass,BC1503,ROSE FADE DULL,TT2(70),Jinliang F1251,,-,53.6,43.2,18.4,145
241092,VC Sun,VC S19010,VC S19010,Cateye/ Women,135,N,Light gold W/O EPL,Rose Gold,Sunglass,RBG11,MOCHA FADE,TT2(70),Jinliang F1251,,-,53.6,43.2,18.4,145
241093,VC Sun,VC S19011,VC S19011,Cateye/ Women,142,W,Silver with EPL,,Sunglass,R- VSG15,Purple Fade,TT4(75),Jinliang F1H00120,,-,54.2,45.3,20.7,150
241094,VC Sun,VC S19011,VC S19011,Cateye/ Women,142,W,Gold,,Sunglass,R25,ROSE PINK,TT4(75),JINLIANG F1H00053,,-,54.2,45.3,20.7,150
241095,VC Sun,VC S19012,VC S19012,Cateye/ Women,140,M,Gold,,Sunglass,SG146,Smoke Gradient,TT3(75),Jinliang F1797,,Black opaque shiny,51.1,43.2,22.4,145
241096,VC Sun,VC S19012,VC S19012,Cateye/ Women,140,M,Gold,,Sunglass,RBG11,MOCHA FADE,TT3(75),Jinliang FRP175,,JINLIANG 1016,51.1,43.2,22.4,145
241097,VC Sun,VC S19013,VC S19013,Geometric,138,M,Japnese Gold with EPL,,Sunglass,PAB1310,COFFEE BROWN,TT4(70),Jinliang F1251,,-,52.9,41.1,20.3,145
241098,VC Sun,VC S19013,VC S19013,Geometric,138,M,Black Chrome,Matt Black,Sunglass,BBS13,OLIVE,TT4(70),Jinliang F1797,,-,52.9,41.1,20.3,145
241099,VC Sun,VC S19014,VC S19014,Geometric,136,M,Black Chrome,Shiny Black,Sunglass,RBG10,Brown Grad,TT1(75),Jinliang F1797,,-,53.9,42.1,18.1,145
241100,VC Sun,VC S19014,VC S19014,Geometric,136,M,Silver with EPL,,Sunglass,S09,Charcoal,TT1(75),Jinliang F1H00120,,-,53.9,42.1,18.1,145
241101,VC Sun,VC S19014,VC S19014,Geometric,136,M,Gold,,Sunglass,GG23,GREEN FADE,TT1(75),Jinliang FRP175,,-,53.9,42.1,18.1,145
241102,VC Sun,VC S19015,VC S19015,Geometric,140,M,Semi Matt black,,Sunglass,S09,Charcoal,original,Black opaque,,-,50.4,41.9,19.6,145
241103,VC Sun,VC S19015,VC S19015,Geometric,140,M,Full Rim,Dark Gun Metal With Epl,Sunglass,RUSG14,BLUE SMOKE,original,Black opaque,,-,50.4,41.9,19.6,145
241104,VC Sun,VC S19016,VC S19016,Geometric,141,W,Black Chrome,Shiny Black,Sunglass,RBG10,Brown Grad,TT1(80),Jinliang FRP175,,-,58.2,48.8,15.7,150
241105,VC Sun,VC S19016,VC S19016,Geometric,141,W,Gold,,Sunglass,GG23,GREEN FADE,TT1(80),Jinliang FRP175,,-,58.2,48.8,15.7,150
241106,VC Sun,VC S19017,VC S19017,Geometric,143,W,Gold,,Sunglass,G16,FOREST,TT1(75),Jinliang FRP175,,-,57.4,41.8,16.6,150
241107,VC Sun,VC S19017,VC S19017,Geometric,143,W,Gold,,Sunglass,R25,ROSE PINK,TT1(75),Jinliang FRP175,,-,57.4,41.8,16.6,150
241108,VC Sun,VC S19018,VC S19018,Oval,140,M,Silver with EPL,,Sunglass,SB15,AQUA,TT2(75),Jinliang F1H00120,,-,55.1,41.6,18,145
241109,VC Sun,VC S19018,VC S19018,Oval,140,M,Light gold W/O EPL,Rose Gold,Sunglass,BC1503,ROSE FADE DULL,TT2(70),Jinliang F1251,,-,55.1,41.6,18,145
241110,VC Sun,VC S19019,VC S19019,Oval,142,W,Gold,,Sunglass,RBG11,MOCHA FADE,TT3(75),Jinliang FRP175,,-,55.7,44.7,18.7,150
241111,VC Sun,VC S19019,VC S19019,Oval,142,W,Japnese Gold with EPL,,Sunglass,D15,Brown,TT3(75),Jinliang FRP175,,-,55.7,44.7,18.7,150
241112,VC Sun,VC S19020,VC S19020,Rectangle,137,M,Japnese Gold with EPL,,Sunglass,D15,Brown,TT2(75),Jinliang F1251,,-,54.1,37.6,17.5,145
241113,VC Sun,VC S19020,VC S19020,Rectangle,137,M,Dark gun metal with epl,,Sunglass,G15,#N/A,TT2(75),Jinliang F1H00120,,-,54.1,37.6,17.5,145
241114,VC Sun,VC S19021,VC S19021,Rectangle,139,M,Silver with EPL,,Sunglass,S15,Smoke,TT4(70),Jinliang F1797,,-,55.4,34.4,16.7,145
241115,VC Sun,VC S19021,VC S19021,Rectangle,139,M,Silver with EPL,,Sunglass,R- VSG15,Purple Fade,TT4(70),Jinliang F1H00120,,-,55.4,34.4,16.7,145
241116,VC Sun,VC S19022,VC S19022,Rectangle,137,M,Japnese Gold with EPL,,Sunglass,D15,Brown,TT3(70),Jinliang FRP175,,-,54.5,35.9,16.6,145
241117,VC Sun,VC S19022,VC S19022,Rectangle,137,M,Silver with EPL,,Sunglass,SB15,AQUA,TT3(70),Jinliang F1680,,-,54.5,35.9,16.6,145
241118,VC Sun,VC S19023,VC S19023,Rectangle,136,M,Japnese Gold with EPL,,Sunglass,PAB1310,COFFEE BROWN,TT3(70),Jinliang FRP175,,-,55.7,39.1,13,145
241119,VC Sun,VC S19023,VC S19023,Rectangle,136,M,Dark gun metal with epl,,Sunglass,R- VSG15,Purple Fade,TT3(70),Jinliang F1797,,-,55.7,39.1,13,145
241120,VC Sun,VC S19023,VC S19023,Rectangle,136,M,Silver with EPL,,Sunglass,S09,Charcoal,TT3(70),Jinliang F1H00120,,-,55.7,39.1,13,145
241121,VC Sun,VC S19024,VC S19024,Round,137,M,Gold,,Sunglass,G16,FOREST,TT3(70),Jinliang FRP175,,-,53.7,50.3,20.4,145
241122,VC Sun,VC S19024,VC S19024,Round,137,M,Silver with EPL,,Sunglass,S09,Charcoal,TT3(70),Jinliang F1H00120,,-,53.7,50.3,20.4,145
241123,VC Sun,VC S19024,VC S19024,Round,137,M,Silver with EPL,,Sunglass,RUSG14,BLUE SMOKE,TT3(70),Jinliang F1680,,-,53.7,50.3,20.4,145
241124,VC Sun,VC S19025,VC S19025,Round,139,M,Dark gun metal with epl,,Sunglass,SG146,Smoke Gradient,TT2(75),Jinliang F1H00120,,-,53.6,48.5,21.5,145
241125,VC Sun,VC S19025,VC S19025,Round,139,M,Gold,,Sunglass,R25,ROSE PINK,TT2(70),Jinliang F1251,,-,53.6,48.5,21.5,145
241126,VC Sun,VC S19026,VC S19026,Round,139,M,Gold,,Sunglass,RBG11,MOCHA FADE,TT3(75),Jinliang FRP175,,JINLIANG 1016,52.2,48.9,23,145
241127,VC Sun,VC S19026,VC S19026,Round,139,M,Dark gun metal with epl,,Sunglass,S09,Charcoal,TT3(75),Jinliang F1797,,Black Shiny Opaque,52.2,48.9,23,145
241128,VC Sun,VC S19026,VC S19026,Round,139,M,Silver with EPL,,Sunglass,SB15,AQUA,TT3(75),Jinliang F1680,,JINLIANG F1680,52.2,48.9,23,145
241129,VC Sun,VC S19027,VC S19027,Cateye/ Women,139,M,Gold,,Sunglass,RBG11,MOCHA FADE,TT4(70),Jinliang F1251,,-,54,45,19,145
241130,VC Sun,VC S19027,VC S19027,Cateye/ Women,139,M,Light gold W/O EPL,Rose Gold,Sunglass,BC1503,ROSE FADE DULL,TT4(70),JINLIANG F1H00053,,-,54,45,19,145
241131,VC Sun,VC S19028,VC S19028,Square,140,M,Gold,,Sunglass,GG23,GREEN FADE,TT4(70),Jinliang F1H00120,,-,56.2,47.1,16.9,145
241132,VC Sun,VC S19028,VC S19028,Square,140,M,Black Chrome,Black,Sunglass,C14,Coffee,TT4(70),Jinliang F1251,,-,56.2,47.1,16.9,145
241133,VC Sun,VC S19029,VC S19029,Geometric,139,M,Gold,,Sunglass,SG146,Smoke Gradient,TT1(70),Jinliang F1797,,Black Shiny Opaque,51.6,47.5,20.4,145
241134,VC Sun,VC S19029,VC S19029,Geometric,139,M,Gold,,Sunglass,RBG11,MOCHA FADE,TT1(70),Jinliang FRP175,,JINLIANG 1016,51.6,47.5,20.4,145
241135,VC Sun,VC S19030,VC S19030,Geometric,136,M,Japnese Gold with EPL,,Sunglass,SG146,Smoke Gradient,TT4(70),Jinliang F1797,,Black opaque shiny,51.5,41.4,21.6,145
241136,VC Sun,VC S19030,VC S19030,Geometric,136,M,Silver with EPL,,Sunglass,SB15,AQUA,TT4(70),Jinliang F1H00120,,JINLIANG F1680,51.5,41.4,21.6,145
241137,VC Sun,VC S19031,VC S19031,Geometric,142,W,Gold,,Sunglass,GG23,GREEN FADE,TT4(75),Jinliang F1H00120,,-,55.2,48.1,20.1,150
241138,VC Sun,VC S19031,VC S19031,Geometric,142,W,Silver with EPL,,Sunglass,SB15,AQUA,TT4(75),Jinliang F1H00120,,-,55.2,48.1,20.1,150
242221,VC Eye,VC E13784,VC E13784,Round,135,M,Dark Gun Metal W/O EPL,Matt Black Cleaning And Temple Enamelling,Dummy,65x1.2x3C,Transparent,Original,,,-,51,47.1,18,148
242222,VC Eye,VC E16002,VC E16002,Square,134,M,Gold,Black,Dummy,65x1.2x3C,Transparent,Original,,,-,51.5,44,16,140
242223,VC Eye,VC E16002,VC E16002,Square,139,W,Gold,Black,Dummy,65x1.2x3C,Transparent,Original,,,-,53.7,45.7,15.7,140
242224,VC Eye,VC E000404,VC E000404,Geometric,137,M,Silver W/O EPL,Black,Dummy,65x1.2x3C,Transparent,Original,,,-,52,47.4,21,145
242226,VC Eye,VC E13784N,VCE13784,Round,131,N,Silver W/O EPL,Lavender,Dummy,65x1.2x3C,Transparent,Original,,,-,50.2,46.3,18,148
242229,VC Eye,VC E16656,VC E16656,Geometric,133,N,Silver with EPL,,Dummy,65x1.2x3C,Transparent,Original,,,-,50.9,44.6,17.1,140
242231,VC Eye,VC E16658,VC E16658,Cat Eye,129,XN,Silver W/O EPL,Purple,Dummy,65x1.2x3C,Transparent,Original,,,-,51,39.8,16.1,140
242232,VC Eye,VCE000393,VCE000393,Square,136,M,,,Dummy,65x1.2x3C,Transparent,Original,,,-,50,42.8,20,145
242233,VC Eye,VC E17576,VC E17576,Cat Eye,132,N,Light gold W/O EPL,Rose gold +Purple enamelling,Dummy,65x1.2x3C,Transparent,Original,,,-,50,40.5,20,135
242234,VC Eye,VC E000414,VCE000414,Rectangle,134,M,Gold,Black,Dummy,65x1.2x3C,Transparent,Original,,,-,50.9,33.6,19,145
242235,VC Eye,VC E000399,VCE000399,Rectangle,132,N,Silver with EPL,,Dummy,65x1.2x3C,Transparent,Original,,,-,51,35.7,16,145
242236,VC Eye,VC E13400,VC E13400,Rectangle,130,N,,,Dummy,65x1.2x3C,Transparent,Original,,,-,50,32,17.9,140
242237,VC Eye,VC E13400,VC E13400,Rectangle,130,N,,,Dummy,65x1.2x3C,Transparent,Original,,,-,50,32,17.9,140
242238,VC Eye,VCE000414,VCE000414,Rectangle,134,M,Silver with EPL,Black,Dummy,65x1.2x3C,Transparent,Original,,,-,50.9,33.6,19,145
242661,VC Eye,VC E16187,VC E16187,Cat Eye,136,M,Light gold W/O EPL,Black,Dummy,65x1.2x3C,Transparent,Original,,,-,52.2,38.2,18.1,140
242662,VC Eye,VCE000396,VCE000396,Rectangle,139,W,,,Dummy,65x1.2x3C,Transparent,Original,,,-,56.2,37.9,14.2,145
242663,VC Eye,VCE000397,VCE000397,Square,136,M,Light gold W/O EPL,Rose Gold,Dummy,65x1.2x3C,Transparent,Original,,,-,52.9,40,16,145
242664,VC Eye,VCE000416,VCE000416,Square,132,N,Light gold W/O EPL,Rose Gold,Dummy,65x1.2x3C,Transparent,Original,,,-,50,39.4,18,145
242665,VC Eye,VC E000661,VC E000661,Cat Eye,133,N,Light gold W/O EPL,Rose Gold,Dummy,65x1.2x3C,Transparent,Original,,,-,55,40.9,15.6,145
242666,VC Eye,VC E18242,VC E18242,Rectangle,138,W,Dark gun metal with epl,,Dummy,65x1.2x3C,Transparent,Original,,,-,55,38,18,150
242667,VC Eye,VC E17049,VC E17049,Rectangle,134,M,Dark gun metal with epl,,Dummy,65x1.2x3C,Transparent,Original,,,-,53.9,31,15.9,140
242668,VC Eye,VC E000411,VCE000411,Cat Eye,132,N,Gold W/O EPL,Rose Gold,Dummy,65x1.2x3C,Transparent,Original,,,-,52.9,37.1,17.9,145
242669,VC Eye,VC E17578,VC E17578,Rectangle,127,XN,,,Dummy,65x1.2x3C,Transparent,Original,,,-,50,32,17,140
242670,VC Eye,VC E17578,VC E17578,Rectangle,127,XN,,,Dummy,65x1.2x3C,Transparent,Original,,,-,50,32,17,140
242671,VC Eye,VC E000660,VC E000660,Rectangle,137,M,Gold,,Dummy,65x1.2x3C,Transparent,Original,,,-,58,37.7,15.6,145
242672,VC Eye,VC E17102,VC E17102,Rectangle,135,M,Black Chrome,Semi Matt Black ,Dummy,65x1.2x3C,Transparent,Original,,,-,55.6,34.4,14,145
242673,VC Eye,VC E17102,VC E17102,Rectangle,135,M,Dark gun metal with epl,,Dummy,65x1.2x3C,Transparent,Original,,,-,55.6,34.4,14,145
242674,VC Eye,VC E14938,VC E14938,Square,139,W,Light gold W/O EPL,Black,Dummy,65x1.2x3C,Transparent,Original,,,-,52.4,40.9,17.9,150
242675,VC Eye,VC E14936,VC E14936,Square,136,M,Light gold W/O EPL,Black,Dummy,65x1.2x3C,Transparent,Original,,,-,50.8,39.4,19,149
242676,VC Eye,VC E14937,VC E14937,Square,139,W,Dark Gun Metal W/O EPL,Blue,Dummy,65x1.2x3C,Transparent,Original,,,-,53,39.6,17,149
242696,VC Sun,VC S19000,VC S19000,Aviator,144,W,Silver with EPL,,Sunglass,RUSG14,BLUE SMOKE,TT1(75),Jinliang FRP175,,-,60,53,14,150
242697,VC Sun,VC S19009,VC S19009,Browbar,143,W,Black Chrome,Shiny Black,Sunglass,RBG10,Brown Grad,TT1(80),Black Opaque,,-,59.9,48.6,13.7,150
242698,VC Sun,VC S19024,VC S19024,Round,137,M,Light gold W/O EPL,Rose Gold,Sunglass,BC1503,ROSE FADE DULL,TT3(70),Jinliang FRP175,,-,53.7,50.3,20.4,145
242711,VC Sun,VC S19267,VC S19267,Geometric,142,W,Silver with EPL,,Sunglass,S09,Charcoal,TT1(75),Jinliang F1H00120,,-,54.5,47.2,20.1,150
242712,VC Sun,VC S19267,VC S19267,Geometric,142,W,Black Chrome,Shiny Black,Sunglass,S15,Smoke,TT1(75),Black opaque,,-,54.5,47.2,20.1,150
242713,VC Sun,VC S19268,VC S19268,Round,132,N,,,Sunglass,BC1503,ROSE FADE DULL,TT4(70),JINLIANG F1H00053,,-,50.2,46.3,19.8,145
242714,VC Sun,VC S19268,VC S19268,Round,132,N,,,Sunglass,R- VSG15,Purple fade,TT4(70),JINLIANG F1H00053,,-,50.2,46.3,19.8,145
242715,VC Sun,VC S19269,VC S19269,Rectangle,142,W,,,Sunglass,GG23,GREEN FADE,TT1(75),Jinliang FRP175,,-,56.5,42.4,20.1,150
242716,VC Sun,VC S19269,VC S19269,Rectangle,142,W,,,Sunglass,RUSG14,GREEN FADE,TT1(75),Jinliang FRP175,,-,56.5,42.4,20.1,150
242717,VC Sun,VC S19270,VC S19270,Aviator,143,W,,,Sunglass,SB15,AQUA,TT1(80),Jinliang F1H00120,,-,60,49.6,10.9,150
242718,VC Sun,VC S19270,VC S19270,Aviator,143,W,,,Sunglass,G15,AQUA,TT1(80),Jinliang F1H00120,,-,60,49.6,10.9,150
242719,VC Sun,VC S19271,VC S19271,Geometric,138,M,,,Sunglass,S15,Smoke,TT4(70),Jinliang F1797,,-,52.6,46.4,20,145
242720,VC Sun,VC S19271,VC S19271,Geometric,138,M,,,Sunglass,RUSG14,Smoke,TT4(70),Jinliang F1H00120,,-,52.6,46.4,20,145
242938,VC Sun,VC S19325,BWF2603,Oval,134,N,Gold,,PC,PC- VC390,Grad Purple,VC E13786,Transparent,,-,56.8,43.3,15,147
242939,VC Sun,VC S19325,BWF2603,Oval,134,N,Gold,,PC,PC- RC1401,Grad Rose pink,VC E13786,Transparent,,-,56.8,43.3,15,147
242940,VC Sun,VC S19326,BWF2605,Geometric,139,M,Gold,,PC,SC2602,Grad Smoke,VC E14353,Dark grey,,-,56.2,36.4,15.5,145
242941,VC Sun,VC S19326,BWF2605,Geometric,139,M,Gold,,PC,PC- B81,Blue,VC E14353,Dark grey,,-,56.2,36.4,15.5,145
242942,VC Sun,VC S19327,BWF2608,Rectangle,140,M,Gold,,PC,PC- SG14,Grad Brown,VC E14319,Light grey,,-,56,36.5,15.8,145
242943,VC Sun,VC S19327,BWF2608,Rectangle,140,M,Gold,,PC,PC- S1011,Smoke,VC E14319,Light grey,,-,56,36.5,15.8,145
242944,VC Sun,VC S19328,BWF2602,Rectangle,145,W,Gold,,PC,PC- G1401,Green,VC E13786,Transparent,,-,58.3,32.1,16.3,150
242945,VC Sun,VC S19328,BWF2602,Rectangle,145,W,Gold,,PC,PC- B81,Blue,VC E13786,Transparent,,-,58.3,32.1,16.3,150
242946,VC Sun,VC S19329,BWF2604,Cateye/ Women,137,M,Gold,,PC,PC- RC1401,Grad Rose pink,VC S 13112,Golden,,-,57.8,50.4,15.5,149
242947,VC Sun,VC S19329,BWF2604,Cateye/ Women,137,M,Gold,,PC,PC- SG14,Grad Brown,VC S 13112,Golden,,-,57.8,50.4,15.5,149
242948,VC Sun,VC S19330,BWF2607,Cateye/ Women,132,N,Gold,,PC,PC- G1401,Green,VC E13786,Transparent,,-,55.2,39.9,15.3,147
242949,VC Sun,VC S19330,BWF2607,Cateye/ Women,132,N,Gold,,PC,SC2602,Grad Smoke,VC E13786,Transparent,,-,55.2,39.9,15.3,147
242950,VC Sun,VC S19331,BWF2606,Rectangle,143,W,Gold,,PC,PC- VC390,Grad Purple,VC E13786,Transparent,,-,57.2,38.3,16.3,145
242951,VC Sun,VC S19331,BWF2606,Rectangle,143,W,Gold,,PC,PC- G1401,Green,VC E13786,Transparent,,-,57.2,38.3,16.3,145
242952,VC Sun,VC S19332,BWF2609,Geometric,139,M,Gold,,PC,PC- B9123,Grad blue,VC E14319,Light grey,,-,56,38.6,15.7,145
242953,VC Sun,VC S19332,BWF2609,Geometric,139,M,Gold,,PC,PC- S1011,Smoke,VC E14319,Light grey,,-,56,38.6,15.7,145
242954,VC Sun,VC S19333,BWF2601,Oval,139,M,Gold,,PC,PC- RC1401,Grad Rose pink,VC E14319,Light grey,,-,59,36.8,15.5,147
242955,VC Sun,VC S19333,BWF2601,Oval,139,M,Gold,,PC,PC- B81,Grad Rose pink,VC E14319,Light grey,,-,59,36.8,15.5,147
242956,VC Sun,VC S19334,BWF2610,Geometric,138,M,Gold,,PC,PC- SG14,Grad Brown,VC E14353,Dark grey,,-,55.9,38.7,15.7,145
242957,VC Sun,VC S19334,BWF2610,Geometric,138,M,Gold,,PC,PC- B9123,Grad Brown,VC E14353,Dark grey,,-,55.9,38.7,15.7,145
246441,VC Sun,VC S19000,VC S19000,Aviator,144,W,Gold,,Sunglass,G16,FOREST,TT1(75),Black Opaque,,-,60,53,14,150
246442,VC Sun,VC S19000,VC S19000,Aviator,144,W,Gold,,Sunglass,S15,Smoke,TT1(75),Vision VABC125,,-,60,53,14,150
247061,VC Sun,VC S19015,VC S19015,Geometric,140,M,Light gun metal with EPL,,Sunglass,BC1503,Rose fade DULL,original,Jinliang FRP175,,-,50.4,41.9,19.6,145
247062,VC Sun,VC S19015,VC S19015,Geometric,140,M,Matt black,,Sunglass,G16,FOREST,original,Jinliang F1797,,-,50.4,41.9,19.6,145
247063,VC Sun,VC S19015,VC S19015,Geometric,140,M,Silver with EPL,,Sunglass,R- VSG15,Purple Fade,original,Jinliang F1H00120,,-,50.4,41.9,19.6,145
247064,VC Sun,VC S19022,VC S19022,Rectangle,137,M,Gold,,Sunglass,QS1602,Pinkish Brown,TT3(70),Jinliang FRP175,,-,54.5,35.9,16.6,145
247065,VC Sun,VC S19022,VC S19022,Rectangle,137,M,Dark gun metal with epl,,Sunglass,BBS13,OLIVE,TT3(70),Vision VABC125,,-,54.5,35.9,16.6,145
247066,VC Sun,VC S19025,VC S19025,Round,139,M,Black Chrome,Matt Black,Sunglass,RBG11,Mocha fade,TT2(70),Jinliang F1251,,-,53.6,48.5,21.5,145
247067,VC Sun,VC S19025,VC S19025,Round,139,M,Gold,,Sunglass,GG23,Green fade,TT2(70),Jinliang F1251,,-,53.6,48.5,21.5,145
247068,VC Sun,VC S19009,VC S19009,Browbar,143,W,Silver with EPL,,Sunglass,R- VSG15,Purple Fade,TT1(80),Jinliang F1797,,-,59.9,48.6,13.7,150
247069,VC Sun,VC S19009,VC S19009,Browbar,143,W,Gold,,Sunglass,GG23,Green fade,TT1(80),Vision VABC125,,-,59.9,48.6,13.7,150
247070,VC Sun,VC S19013,VC S19013,Geometric,138,M,Japnese Gold with EPL,,Sunglass,SG146,Smoke fade,TT4(70),Jinliang F1797,,-,52.9,41.1,20.3,145
247071,VC Sun,VC S19013,VC S19013,Geometric,138,M,Light gun metal with EPL,,Sunglass,SB15,Blue Smoke,TT4(70),Jinliang F1H00120,,-,52.9,41.1,20.3,145
247072,VC Sun,VC S19018,VC S19018,Oval,140,M,Gold,,Sunglass,GG23,Green fade,TT2(70),Jinliang F1251,,-,55.1,41.6,18,145
247073,VC Sun,VC S19018,VC S19018,Oval,140,M,Dark gun metal with epl,,Sunglass,RUSG14,Blue Smoke,TT2(70),Jinliang F1H00120,,-,55.1,41.6,18,145
247074,VC Sun,VC S19020,VC S19020,Rectangle,137,M,Black Chrome,Matt Black,Sunglass,SG146,Smoke fade,TT2(75),Jinliang F1H00120,,-,54.1,37.6,17.5,145
247075,VC Sun,VC S19020,VC S19020,Rectangle,137,M,Light gun metal with EPL,,Sunglass,RBG11,Mocha fade,TT2(75),Jinliang F1251,,-,54.1,37.6,17.5,145
247076,VC Sun,VC S19011,VC S19011,Cateye/ Women,142,W,Dark gun metal with epl,,Sunglass,GG23,Green fade,TT4(75),Jinliang F1797,,-,54.2,45.3,20.7,150
247077,VC Sun,VC S19011,VC S19011,Cateye/ Women,142,W,Japnese Gold with EPL,,Sunglass,C14,Coffee,TT4(75),Jinliang F1251,,-,54.2,45.3,20.7,150
247078,VC Sun,VC S19021,VC S19021,Rectangle,139,M,Black Chrome,Matt Black,Sunglass,BBS13,OLIVE,TT4(70),Jinliang F1797,,-,55.4,34.4,16.7,145
247079,VC Sun,VC S19021,VC S19021,Rectangle,139,M,Gold,,Sunglass,QS1602,Pinkish Brown,TT4(70),Jinliang F1251,,-,55.4,34.4,16.7,145